lag_ps,msd_seg1_A2,msd_seg2_A2,msd_seg3_A2,msd_seg4_A2,msd_seg5_A2
0.000000000000000000e+00,-1.074588011915730518e-13,-4.903464049554164700e-13,5.940367406253468820e-15,7.154331108645219505e-14,-1.398071941617039141e-13
1.000000000000000056e-01,2.225894296336295430e-01,2.227853368294921976e-01,2.226199120864844061e-01,2.265538741835614878e-01,2.255072470308221444e-01
2.000000000000000111e-01,4.793348687778654083e-01,4.807831432753466583e-01,4.784651904494743868e-01,4.917549140221386117e-01,4.876477145463533058e-01
2.999999999999999889e-01,6.640918580560051243e-01,6.651868206474516043e-01,6.602536975648767292e-01,6.858693444943848583e-01,6.781370378389064424e-01
4.000000000000000222e-01,7.667414877680360785e-01,7.656771322474351660e-01,7.596739850026993368e-01,7.972824255947423833e-01,7.866614193927909948e-01
5.000000000000000000e-01,8.337435596429813023e-01,8.311173010430549235e-01,8.248596283246988348e-01,8.729318707875589611e-01,8.590482343400360765e-01
5.999999999999999778e-01,8.942687603324549483e-01,8.905441111740434179e-01,8.846365766209929316e-01,9.425613811346176263e-01,9.246190234417756004e-01
7.000000000000000666e-01,9.525295807294406059e-01,9.471540581599431352e-01,9.417780375557426309e-01,1.010903273631325483e+00,9.886473086927763942e-01
8.000000000000000444e-01,1.006584302534049291e+00,1.000751528274677282e+00,9.949196829688267130e-01,1.077273086776948219e+00,1.050253580182277657e+00
9.000000000000000222e-01,1.058354982439124958e+00,1.052984347460197867e+00,1.046665437657748221e+00,1.141260095503175975e+00,1.109786946235029825e+00
1.000000000000000000e+00,1.109747640694444426e+00,1.104066867417902387e+00,1.097021906951775927e+00,1.203912927781131570e+00,1.167975117604594271e+00
1.100000000000000089e+00,1.160330498175795366e+00,1.152637131564131723e+00,1.145470430841398324e+00,1.265032717095122106e+00,1.223896085331520167e+00
1.199999999999999956e+00,1.208988064072692437e+00,1.198175909960395691e+00,1.192319187014475146e+00,1.324523562518070241e+00,1.277670559124970628e+00
1.300000000000000044e+00,1.256232175712564514e+00,1.243791276151374747e+00,1.237458320999090589e+00,1.382642856962920552e+00,1.330019816061329463e+00
1.400000000000000133e+00,1.303671261759083544e+00,1.290049265866082928e+00,1.281922524012398146e+00,1.439345446624646918e+00,1.383073787277294464e+00
1.500000000000000000e+00,1.352739240756996475e+00,1.335473048488259540e+00,1.325636700159418035e+00,1.495259425702775369e+00,1.437309379778448637e+00
1.600000000000000089e+00,1.402696224982521445e+00,1.381540868254795829e+00,1.370671440974924105e+00,1.551419030142696442e+00,1.491973127268436228e+00
1.699999999999999956e+00,1.453207227072731422e+00,1.428888746287986899e+00,1.417073057630206634e+00,1.608023215022390096e+00,1.546754719840014003e+00
1.800000000000000044e+00,1.503877037768437397e+00,1.477391623073916582e+00,1.464193897310775538e+00,1.665658194935298209e+00,1.601090178103824924e+00
1.900000000000000133e+00,1.554874000472020956e+00,1.525466640907102489e+00,1.511547125555039450e+00,1.722774476273038147e+00,1.654758873267284436e+00
2.000000000000000000e+00,1.605304193651514222e+00,1.572973223493659312e+00,1.558601541149437830e+00,1.779838349969939504e+00,1.708822126065355551e+00
2.100000000000000089e+00,1.654998799605085003e+00,1.620858323927948597e+00,1.604202225394229631e+00,1.837973758501572963e+00,1.763963891899212655e+00
2.200000000000000178e+00,1.703966526790673175e+00,1.668905874790667321e+00,1.648178985843702371e+00,1.896737039834999416e+00,1.819003616841204929e+00
2.300000000000000266e+00,1.752415279145852489e+00,1.716660819115707559e+00,1.691593306241570005e+00,1.954983717362295925e+00,1.874281428896928503e+00
2.399999999999999911e+00,1.800750460751606941e+00,1.763299958503535381e+00,1.736073674560709268e+00,2.012299480621573711e+00,1.929557094315417665e+00
2.500000000000000000e+00,1.848800139853733482e+00,1.808768485058809938e+00,1.781411418594276874e+00,2.068605381339954086e+00,1.984007669293873732e+00
2.600000000000000089e+00,1.896502632614738504e+00,1.854258150909150915e+00,1.825740015823692053e+00,2.124386176793690684e+00,2.038141637088507263e+00
2.700000000000000178e+00,1.943811006273302278e+00,1.900155930788253178e+00,1.869471881206012709e+00,2.180106841672646123e+00,2.092133398239904629e+00
2.800000000000000266e+00,1.991245574701424381e+00,1.947227974081105373e+00,1.912915302035701703e+00,2.236546050034617483e+00,2.145611685695328674e+00
2.899999999999999911e+00,2.039617366701881984e+00,1.994896653136456255e+00,1.956124560268052592e+00,2.293145975774498524e+00,2.198789549504629903e+00
3.000000000000000000e+00,2.087712327230459852e+00,2.042929551930327214e+00,1.999847074686093684e+00,2.348548249952499667e+00,2.252301462745768923e+00
3.100000000000000089e+00,2.134350876043572320e+00,2.090203015065843051e+00,2.044510108038917640e+00,2.403722949292069533e+00,2.305192656785171046e+00
3.200000000000000178e+00,2.180258512503347124e+00,2.136329587566506483e+00,2.089941178505072994e+00,2.458564171004009591e+00,2.357453832085773193e+00
3.300000000000000266e+00,2.225721543456184559e+00,2.182018850443971036e+00,2.135176739710268112e+00,2.513572486418478746e+00,2.409544351885836377e+00
3.399999999999999911e+00,2.271139317132361057e+00,2.226883206409819849e+00,2.179365492396393211e+00,2.567865746490856971e+00,2.461977356667883310e+00
3.500000000000000000e+00,2.316477048811405037e+00,2.271815950515053473e+00,2.222932223975805144e+00,2.620998316597970668e+00,2.515040832345316613e+00
3.600000000000000089e+00,2.362303931204859708e+00,2.317099451579396341e+00,2.265877024885459612e+00,2.673793309822694919e+00,2.567779022240580744e+00
3.700000000000000178e+00,2.408978680751729495e+00,2.362127700988196022e+00,2.308242308154881961e+00,2.727246430557460410e+00,2.619716353109302176e+00
3.800000000000000266e+00,2.455591199683909487e+00,2.407741491551053770e+00,2.350281621738022686e+00,2.781592143216501167e+00,2.671478950697095289e+00
3.899999999999999911e+00,2.501611330251655829e+00,2.453271977072093435e+00,2.393071659899043357e+00,2.835980790084677849e+00,2.723385577773669741e+00
4.000000000000000000e+00,2.547364585783489677e+00,2.498318045399626985e+00,2.437313762748328561e+00,2.889402170946536508e+00,2.775187931848553724e+00
4.099999999999999645e+00,2.594317914142789228e+00,2.542930921440069270e+00,2.482224442893890881e+00,2.942224727600358580e+00,2.826942437700194599e+00
4.200000000000000178e+00,2.642116637554136283e+00,2.586795043017936724e+00,2.526736192482441634e+00,2.996382548122201506e+00,2.879356271996723393e+00
4.299999999999999822e+00,2.689594136259209289e+00,2.629713363929843339e+00,2.570433027839053697e+00,3.051692559440041919e+00,2.932177481450368273e+00
4.400000000000000355e+00,2.736023597175680333e+00,2.672313910482554622e+00,2.613327297578364128e+00,3.106409216609503421e+00,2.985209277642173475e+00
4.500000000000000000e+00,2.781830698841579963e+00,2.715976529396020300e+00,2.656350833769924424e+00,3.160437377580264773e+00,3.038381189082343337e+00
4.600000000000000533e+00,2.828193499892360130e+00,2.760745305264987071e+00,2.699554808450680188e+00,3.213935302624070900e+00,3.091433971500998634e+00
4.700000000000000178e+00,2.875156277743533106e+00,2.805119021963735193e+00,2.742848279810682577e+00,3.267317010862414772e+00,3.143798182123516582e+00
4.799999999999999822e+00,2.922260615844849863e+00,2.848665787112984571e+00,2.785577111626369895e+00,3.320713260752932605e+00,3.195559674006224871e+00
4.900000000000000355e+00,2.968300574687637639e+00,2.892128385851703509e+00,2.827482927709375815e+00,3.375031968070197674e+00,3.247403149434568093e+00
5.000000000000000000e+00,3.013739125378529060e+00,2.935711230472907829e+00,2.869453559800815068e+00,3.430437352923701777e+00,3.298763618670660147e+00
5.100000000000000533e+00,3.059589378296901252e+00,2.978865336156419463e+00,2.912093973092818366e+00,3.485717074995890563e+00,3.349056982115293124e+00
5.200000000000000178e+00,3.105922825434568768e+00,3.021670483126787765e+00,2.955431309154139985e+00,3.539983621215100573e+00,3.399065768822167488e+00
5.299999999999999822e+00,3.152409162830999367e+00,3.065631294684489472e+00,2.999284332413898468e+00,3.593036930323591616e+00,3.449369346796467450e+00
5.400000000000000355e+00,3.198323249789722045e+00,3.110938363964509623e+00,3.042107396221225279e+00,3.645858277245387136e+00,3.500151696653084787e+00
5.500000000000000000e+00,3.243464191735434543e+00,3.156087181101546069e+00,3.084759198071390873e+00,3.698947465892088449e+00,3.551966174530549303e+00
5.600000000000000533e+00,3.288009598051706561e+00,3.200802898596656121e+00,3.126715031070100625e+00,3.752454299419383243e+00,3.604423389611334017e+00
5.700000000000000178e+00,3.332539767242039819e+00,3.244649236917539703e+00,3.167632563022214409e+00,3.806313600989430501e+00,3.656244525053593986e+00
5.799999999999999822e+00,3.376540991202239717e+00,3.288282095377246250e+00,3.208032910430244300e+00,3.860755155409257178e+00,3.706747842528102410e+00
5.900000000000000355e+00,3.420531183177808021e+00,3.331829245790096206e+00,3.249296517589127298e+00,3.915385146053314447e+00,3.756542699981326283e+00
6.000000000000000000e+00,3.465287691247243007e+00,3.375299902033310762e+00,3.290874463587083465e+00,3.970073496182183970e+00,3.805860118949222048e+00
6.100000000000000533e+00,3.510441646601101251e+00,3.418431749875236569e+00,3.332389852653745432e+00,4.023998207968203289e+00,3.854749133019523377e+00
6.200000000000000178e+00,3.555408204032771025e+00,3.460770876810778329e+00,3.374159669524233074e+00,4.077034484845925455e+00,3.903429925934568612e+00
6.299999999999999822e+00,3.600380110234866038e+00,3.503055065002941060e+00,3.415838569404430647e+00,4.128986170090852781e+00,3.952077638931576598e+00
6.400000000000000355e+00,3.645777268809434535e+00,3.545717277515334498e+00,3.457073608066228321e+00,4.181159984356669135e+00,4.001379926470235660e+00
6.500000000000000000e+00,3.691370964873359917e+00,3.588836186203416823e+00,3.498537859185674836e+00,4.233747709576596741e+00,4.050983639243098899e+00
6.600000000000000533e+00,3.736283290443920269e+00,3.631922283050725397e+00,3.540263518646387109e+00,4.286625649612945566e+00,4.101078130701634628e+00
6.700000000000000178e+00,3.780772506575892589e+00,3.675060133731155698e+00,3.582725299532188767e+00,4.339473191444069400e+00,4.151417293148092824e+00
6.799999999999999822e+00,3.824653690602006773e+00,3.718325319435978660e+00,3.624980837221041252e+00,4.392730249569186007e+00,4.201866652743784236e+00
6.900000000000000355e+00,3.868376507311538592e+00,3.761262824241272895e+00,3.666531014982915782e+00,4.446260297636806413e+00,4.251783157007055891e+00
7.000000000000000000e+00,3.912445399133343660e+00,3.803452062752975760e+00,3.707890599042509727e+00,4.499325273853107987e+00,4.302206999264266862e+00
7.100000000000000533e+00,3.956665283997224947e+00,3.845233485532095319e+00,3.749216780917144831e+00,4.551928018415853039e+00,4.353236756838459343e+00
7.200000000000000178e+00,4.001108181031256983e+00,3.886636642633872096e+00,3.790678989562361600e+00,4.603936271519418533e+00,4.404782642750521227e+00
7.299999999999999822e+00,4.044891716261801662e+00,3.928344525379718011e+00,3.832184082105896117e+00,4.656032968063562372e+00,4.455971144805061179e+00
7.400000000000000355e+00,4.088452010255873681e+00,3.970499912817131882e+00,3.873192191654336813e+00,4.708459025211068294e+00,4.505747217455876807e+00
7.500000000000000000e+00,4.132592667587788426e+00,4.013471293360406200e+00,3.913713965001456963e+00,4.760791204289944289e+00,4.554714573178858750e+00
7.600000000000000533e+00,4.177134922426369634e+00,4.057338024748274208e+00,3.953805767112581915e+00,4.812402443799446594e+00,4.603803276347013806e+00
7.700000000000000178e+00,4.222011860184792020e+00,4.100843319927837349e+00,3.993818146549657833e+00,4.864149776198139818e+00,4.652943409606056235e+00
7.799999999999999822e+00,4.266756777992186223e+00,4.143781144251688531e+00,4.033926723978844997e+00,4.915298440837568172e+00,4.701894615470973093e+00
7.900000000000000355e+00,4.311466555990619121e+00,4.186441926992871210e+00,4.074749604511405110e+00,4.966861206415399188e+00,4.750433550205135802e+00
8.000000000000000000e+00,4.356552460545496608e+00,4.228863923455734586e+00,4.115388038951746097e+00,5.018635862786718249e+00,4.799396262185638307e+00
8.099999999999999645e+00,4.401006019830582261e+00,4.271182267459948001e+00,4.155609515829397083e+00,5.069956360119087790e+00,4.848665775213694573e+00
8.199999999999999289e+00,4.445353132526996376e+00,4.314337536519804672e+00,4.196014417041109112e+00,5.120661944373847696e+00,4.897502150639919449e+00
8.300000000000000711e+00,4.489550858486802021e+00,4.357854778759667091e+00,4.237272214244838686e+00,5.171149563294487272e+00,4.945770310075839227e+00
8.400000000000000355e+00,4.533608421539088162e+00,4.401027330039380736e+00,4.279205440316558473e+00,5.221774254557601580e+00,4.993505746785232624e+00
8.500000000000000000e+00,4.577805993320908762e+00,4.444536647336481572e+00,4.322114401276115458e+00,5.272306677318369772e+00,5.041335348322987464e+00
8.599999999999999645e+00,4.621868406799403139e+00,4.488154881684954134e+00,4.365537126872909290e+00,5.323097581026336123e+00,5.089954344699877176e+00
8.700000000000001066e+00,4.665514585911377132e+00,4.532141689972340792e+00,4.408551461269226479e+00,5.373774880086074290e+00,5.138709613616243566e+00
8.800000000000000711e+00,4.708823588073880906e+00,4.575531955040679222e+00,4.450981492153356811e+00,5.424956721071180432e+00,5.188043036240677530e+00
8.900000000000000355e+00,4.751775465067918702e+00,4.618777253945844485e+00,4.493127783848027690e+00,5.476555360161146524e+00,5.238467779612398623e+00
9.000000000000000000e+00,4.794864187597074334e+00,4.662806946562088939e+00,4.534547902289204124e+00,5.528525858514808711e+00,5.289590629632711760e+00
9.099999999999999645e+00,4.838182095771415447e+00,4.706765016861674589e+00,4.574700355719549805e+00,5.580124168906296589e+00,5.341018313003908169e+00
9.200000000000001066e+00,4.882127495097588366e+00,4.749711384762040467e+00,4.615122171192547640e+00,5.630581382659439527e+00,5.392672885420132012e+00
9.300000000000000711e+00,4.926381360412021237e+00,4.792108308221919799e+00,4.655666794992484370e+00,5.680423410095050585e+00,5.444707677236614529e+00
9.400000000000000355e+00,4.970420575800107876e+00,4.834472069481897449e+00,4.696102085600026399e+00,5.730400088618209153e+00,5.496477152436780145e+00
9.500000000000000000e+00,5.015212834789346985e+00,4.877686084980728864e+00,4.736975468505689513e+00,5.780538518364628509e+00,5.547665294464970032e+00
9.599999999999999645e+00,5.060356632895817164e+00,4.921657804188217966e+00,4.778087643352868064e+00,5.830926092816692830e+00,5.598962687889118328e+00
9.700000000000001066e+00,5.105531392036248839e+00,4.965369041626128244e+00,4.819634200305876526e+00,5.881111903517974859e+00,5.650935197714496816e+00
9.800000000000000711e+00,5.150827956767005666e+00,5.008169776085670932e+00,4.860892567705271006e+00,5.931292068581576871e+00,5.703374915832694292e+00
9.900000000000000355e+00,5.196382457126042631e+00,5.050354108764317118e+00,4.901798291431482824e+00,5.981528458344640420e+00,5.755788071866810185e+00
1.000000000000000000e+01,5.242150215594668872e+00,5.092583683598959965e+00,4.941879481422122744e+00,6.031784783452758703e+00,5.808142178105812015e+00
1.009999999999999964e+01,5.287154602405690795e+00,5.135013750887492456e+00,4.981871090481463149e+00,6.081483569431783032e+00,5.860517009654333975e+00
1.020000000000000107e+01,5.331232207338119977e+00,5.177741775761704801e+00,5.022594298679801561e+00,6.131347400964457073e+00,5.913441554909148579e+00
1.030000000000000071e+01,5.375139610896338738e+00,5.220423930965712778e+00,5.063514247835113835e+00,6.181821195812756464e+00,5.965945780461706427e+00
1.040000000000000036e+01,5.419406560318316579e+00,5.263231018738268929e+00,5.105220821531069930e+00,6.233091378039672392e+00,6.018248194098670290e+00
1.050000000000000000e+01,5.464535093404059296e+00,5.306352997374955471e+00,5.147206425129111196e+00,6.283940717775670315e+00,6.069355209355754788e+00
1.059999999999999964e+01,5.509876234631434500e+00,5.350031730910503214e+00,5.188157488213677837e+00,6.334431253730156364e+00,6.119141898081847941e+00
1.070000000000000107e+01,5.555056147071159245e+00,5.393824517828529785e+00,5.228473321340545432e+00,6.384568787470378481e+00,6.168601392199509981e+00
1.080000000000000071e+01,5.600302821451251134e+00,5.437045152834671491e+00,5.269041265489014414e+00,6.434495790058169185e+00,6.217822941162691741e+00
1.090000000000000036e+01,5.645534003935614109e+00,5.479833398007277978e+00,5.310154678724028798e+00,6.484527640301056550e+00,6.267316555296179814e+00
1.100000000000000000e+01,5.690853235510571650e+00,5.522900026552328256e+00,5.351379841698106432e+00,6.534159158357901731e+00,6.317280394786537023e+00
1.109999999999999964e+01,5.736247579553467979e+00,5.565886766742020875e+00,5.392381226123008631e+00,6.583286000416012307e+00,6.367220858838497755e+00
1.120000000000000107e+01,5.781221316991280723e+00,5.608794780660883994e+00,5.432860610985119187e+00,6.632447080047584542e+00,6.416956308239402773e+00
1.130000000000000071e+01,5.826405836218166101e+00,5.651911190893927461e+00,5.473340532432799499e+00,6.681942775196375806e+00,6.467228750197755005e+00
1.140000000000000036e+01,5.871918219040026976e+00,5.695038028770317062e+00,5.514129801669347408e+00,6.731360181312441071e+00,6.518663865236264066e+00
1.150000000000000000e+01,5.917125186361724687e+00,5.738630821737706889e+00,5.554983224040891621e+00,6.780813932812630895e+00,6.570199180129913330e+00
1.159999999999999964e+01,5.962031667120733402e+00,5.781980713913029035e+00,5.596253913440524919e+00,6.830638826021186105e+00,6.621395389288021960e+00
1.170000000000000107e+01,6.007395824953002617e+00,5.825148891209164681e+00,5.637447064867477486e+00,6.880555013517847485e+00,6.672133479765195219e+00
1.180000000000000071e+01,6.053354657532416638e+00,5.868186671761692175e+00,5.678890619878941948e+00,6.930988405054907098e+00,6.722322558125148895e+00
1.190000000000000036e+01,6.099631689744400731e+00,5.910697313017525545e+00,5.720120578784427146e+00,6.981443741131223568e+00,6.772544238439060393e+00
1.200000000000000000e+01,6.144953485195871146e+00,5.953267234994592982e+00,5.760835249642482836e+00,7.031390323241830664e+00,6.822916260903799213e+00
1.209999999999999964e+01,6.189309593138376364e+00,5.995993803036923531e+00,5.801112670452159392e+00,7.081548713145544127e+00,6.873571445702145510e+00
1.220000000000000107e+01,6.232293418824578879e+00,6.038959130153589427e+00,5.841486525024922827e+00,7.131307499288218388e+00,6.924454445953343473e+00
1.230000000000000071e+01,6.274710640601555589e+00,6.081148582024046512e+00,5.882898841811065260e+00,7.180774057043934455e+00,6.975126066208817477e+00
1.240000000000000036e+01,6.317457429532807645e+00,6.122522581981675316e+00,5.925288174476266434e+00,7.230705074374522034e+00,7.025600747206143915e+00
1.250000000000000000e+01,6.361066659456411365e+00,6.164183299697667096e+00,5.967368289327963815e+00,7.281817985934587512e+00,7.075724955018348084e+00
1.259999999999999964e+01,6.405188909206795067e+00,6.206064119891740560e+00,6.008929905148470141e+00,7.333985156604956757e+00,7.126396684606387311e+00
1.270000000000000107e+01,6.448914195466770138e+00,6.248400334638054332e+00,6.049951993182046017e+00,7.386582756074580480e+00,7.178115414857320076e+00
1.280000000000000071e+01,6.492002188054484257e+00,6.291714717531079692e+00,6.090609568132054008e+00,7.438534378110258416e+00,7.230502514314391505e+00
1.290000000000000036e+01,6.534792718251706489e+00,6.335530358069204837e+00,6.131268135166916267e+00,7.489496337175996388e+00,7.283481447292425415e+00
1.300000000000000000e+01,6.577099376791318619e+00,6.379106199391944898e+00,6.172318406349609710e+00,7.539559980728658850e+00,7.336202966077938648e+00
1.309999999999999964e+01,6.620365345253903300e+00,6.421860447134946526e+00,6.213603958542233130e+00,7.588842659620980591e+00,7.388665075152049511e+00
1.320000000000000107e+01,6.664197911237047300e+00,6.463616297295261326e+00,6.254444265614869991e+00,7.638049897875565541e+00,7.441045633594077557e+00
1.330000000000000071e+01,6.708343685889550656e+00,6.505461624412489208e+00,6.295372746818691745e+00,7.687043276486278387e+00,7.493764174905007458e+00
1.340000000000000036e+01,6.752168842013367644e+00,6.546959491161019606e+00,6.336866233256838399e+00,7.736132145892664624e+00,7.546449071871411896e+00
1.350000000000000000e+01,6.795018186771996760e+00,6.587858147889273930e+00,6.378145331883826152e+00,7.785229592383380748e+00,7.598888637731946893e+00
1.359999999999999964e+01,6.837061198911719373e+00,6.628383497039233241e+00,6.418818732128944049e+00,7.833976100975480250e+00,7.651078908901936870e+00
1.370000000000000107e+01,6.879117225147356685e+00,6.669156093693005438e+00,6.459748174327828885e+00,7.882300081768765843e+00,7.703512151209285896e+00
1.380000000000000071e+01,6.921671187564985672e+00,6.710436919156236968e+00,6.501207277916012828e+00,7.931007577111820694e+00,7.755886212190413964e+00
1.390000000000000036e+01,6.964549324863632762e+00,6.752598223023972501e+00,6.543268491633654982e+00,7.980077945185588106e+00,7.807311232920533861e+00
1.400000000000000000e+01,7.007915653604214867e+00,6.795074650133741123e+00,6.585616166006208694e+00,8.029444049372493453e+00,7.858307496434056461e+00
1.409999999999999964e+01,7.052091540620620158e+00,6.837608545289445061e+00,6.627604106098408998e+00,8.079008440473296915e+00,7.909208537584264676e+00
1.420000000000000107e+01,7.096151253991714647e+00,6.880300153189872425e+00,6.669380708615762821e+00,8.128403859180743041e+00,7.960410013512946747e+00
1.430000000000000071e+01,7.139626405220330874e+00,6.922993947190672515e+00,6.711079360449402564e+00,8.178185159840309026e+00,8.012146226675200822e+00
1.440000000000000036e+01,7.182756148681687769e+00,6.965355899803687301e+00,6.752409816251585539e+00,8.227454817816168386e+00,8.063411544776894146e+00
1.450000000000000000e+01,7.226314189396682686e+00,7.007980630158332502e+00,6.793844579544113138e+00,8.276493866870925586e+00,8.113748319531559616e+00
1.459999999999999964e+01,7.270428501811190714e+00,7.051292761085510286e+00,6.835369402354492863e+00,8.325532351756629978e+00,8.163330073387232488e+00
1.470000000000000107e+01,7.314546345012169049e+00,7.094264944799459016e+00,6.876579188030357948e+00,8.374407224110058223e+00,8.213897385175252808e+00
1.480000000000000071e+01,7.358797452740867939e+00,7.136780395586031389e+00,6.917002165798279201e+00,8.422759128469058609e+00,8.265369602965400020e+00
1.490000000000000036e+01,7.402842011777400977e+00,7.178892889095859431e+00,6.957241114252638248e+00,8.470867260479030492e+00,8.317365540611705299e+00
1.500000000000000000e+01,7.446613416332382940e+00,7.220677257465589527e+00,6.998496650698761812e+00,8.519395761245519338e+00,8.369323688916622928e+00
1.509999999999999964e+01,7.489864766204044955e+00,7.262294936974242887e+00,7.039266189778337512e+00,8.568168761874847661e+00,8.421255630319469887e+00
1.520000000000000107e+01,7.532766626748658823e+00,7.303655819553891426e+00,7.079735061441538413e+00,8.616678137364189638e+00,8.473572567560376356e+00
1.530000000000000071e+01,7.575475833117347513e+00,7.345036861344628853e+00,7.119852112254721810e+00,8.665460040177695333e+00,8.526089953794915743e+00
1.540000000000000036e+01,7.618150523549895858e+00,7.386457448398997983e+00,7.159895957239116981e+00,8.714841602023149392e+00,8.579310354941776851e+00
1.550000000000000000e+01,7.661620294224862349e+00,7.427710101119042285e+00,7.199948047254740580e+00,8.764882587151706872e+00,8.632706415536748779e+00
1.559999999999999964e+01,7.705164992027116355e+00,7.468372437388701712e+00,7.240383570642286770e+00,8.814278265181414440e+00,8.686231788535382137e+00
1.570000000000000107e+01,7.749108691898059398e+00,7.508660976519609065e+00,7.281057070030334089e+00,8.863425837541667462e+00,8.739533898585525762e+00
1.580000000000000071e+01,7.793622191490377382e+00,7.549099211454668001e+00,7.321204205158863942e+00,8.912265605708160621e+00,8.792176730753885394e+00
1.590000000000000036e+01,7.838606192426063046e+00,7.590938841197819364e+00,7.361380971669431617e+00,8.960777454516717810e+00,8.844486230860628240e+00
1.600000000000000000e+01,7.882840839406195954e+00,7.633841045581058360e+00,7.402119181701894313e+00,9.008877340527593702e+00,8.896862786663055189e+00
1.610000000000000142e+01,7.926346523852593862e+00,7.676557021294943439e+00,7.442686062501355337e+00,9.056370493919574827e+00,8.950042232934293907e+00
1.619999999999999929e+01,7.969262500333673671e+00,7.718732160842926682e+00,7.483603854475773254e+00,9.103857788040768284e+00,9.002603978757415248e+00
1.630000000000000071e+01,8.011775395067950001e+00,7.760586383309544978e+00,7.524805742347259851e+00,9.151809755660350376e+00,9.054651492618681630e+00
1.639999999999999858e+01,8.054686973078039713e+00,7.801413312407028400e+00,7.566389204082420328e+00,9.200447578230493306e+00,9.107138123833443899e+00
1.650000000000000000e+01,8.098141602410459328e+00,7.841691805030526652e+00,7.608396514516365450e+00,9.249540986239185969e+00,9.159898679869897364e+00
1.660000000000000142e+01,8.141699520799779322e+00,7.882378379268828894e+00,7.649348535142479477e+00,9.298568239332816177e+00,9.212010790964278328e+00
1.669999999999999929e+01,8.185636615117628523e+00,7.924266543510413818e+00,7.689582058839152801e+00,9.347429611547081407e+00,9.263193913403462432e+00
1.680000000000000071e+01,8.229946891286314070e+00,7.966246266174674240e+00,7.729449369264490777e+00,9.395623697383248540e+00,9.313564080303155635e+00
1.689999999999999858e+01,8.274053694278343585e+00,8.007408593666239582e+00,7.769025678766300125e+00,9.443514264876240460e+00,9.364194256956432483e+00
1.700000000000000000e+01,8.317685340836421304e+00,8.048115460399683840e+00,7.808477177488250653e+00,9.491906849676116309e+00,9.415249318490287678e+00
1.710000000000000142e+01,8.360740270867227153e+00,8.088803267212011150e+00,7.848103709472570522e+00,9.541023116636338841e+00,9.466930222345819601e+00
1.719999999999999929e+01,8.404049469180515430e+00,8.129621130496554215e+00,7.887459207844407238e+00,9.590064706900166769e+00,9.519035887442445443e+00
1.730000000000000071e+01,8.447160946635442258e+00,8.170381561468376574e+00,7.926965625663891402e+00,9.639013635057319007e+00,9.571089720527726996e+00
1.740000000000000213e+01,8.490020681502329580e+00,8.211059368464862729e+00,7.966946993242516761e+00,9.687637813248773710e+00,9.623130172828577855e+00
1.750000000000000000e+01,8.533226596373429729e+00,8.252169292521925215e+00,8.007842030077760853e+00,9.736085938407518015e+00,9.674604840877268686e+00
1.760000000000000142e+01,8.576246260485547168e+00,8.293392143620588186e+00,8.048971249217876434e+00,9.785216301863583155e+00,9.726345922735530891e+00
1.769999999999999929e+01,8.618946319696062730e+00,8.334824010338772737e+00,8.089794430290575988e+00,9.834679936575129844e+00,9.778973140102140249e+00
1.780000000000000071e+01,8.662125748626190003e+00,8.376598354519078526e+00,8.130081492909035035e+00,9.883525275451367165e+00,9.831378074281589718e+00
1.790000000000000213e+01,8.705609929483800968e+00,8.417751018348514691e+00,8.170544532054780262e+00,9.931845332287567274e+00,9.883300652795242058e+00
1.800000000000000000e+01,8.749826906587685471e+00,8.458599674642266919e+00,8.211468075274275691e+00,9.979704606904137520e+00,9.935170137770796828e+00
1.810000000000000142e+01,8.794983918244922094e+00,8.499468150300057090e+00,8.252286340914750440e+00,1.002684091851379478e+01,9.987359273332419463e+00
1.819999999999999929e+01,8.840344663701195316e+00,8.540405992487292153e+00,8.292877960641918733e+00,1.007351370376255595e+01,1.003943466956722830e+01
1.830000000000000071e+01,8.885247499142481686e+00,8.581543117602414839e+00,8.332898717575908165e+00,1.012011203882981825e+01,1.009152970300320717e+01
1.840000000000000213e+01,8.929552094215969404e+00,8.622969947072213870e+00,8.372854486734343737e+00,1.016667936610659240e+01,1.014411058970358503e+01
1.850000000000000000e+01,8.973887510801100476e+00,8.664337508040343749e+00,8.413371611272632222e+00,1.021398097707368358e+01,1.019679338645302202e+01
1.860000000000000142e+01,9.018727632968024821e+00,8.705861514611330065e+00,8.454076647912399878e+00,1.026179701076734752e+01,1.024979032389035005e+01
1.869999999999999929e+01,9.063223527881779873e+00,8.747644135649231600e+00,8.493965720156769095e+00,1.030925657403535389e+01,1.030266439453693827e+01
1.880000000000000071e+01,9.107127490371400569e+00,8.789761993722871480e+00,8.533377342079797145e+00,1.035626900021983410e+01,1.035539685962027789e+01
1.890000000000000213e+01,9.149931929297503430e+00,8.831676405822328491e+00,8.572585346450871668e+00,1.040264234234181373e+01,1.040764307372032960e+01
1.900000000000000000e+01,9.192615101475789530e+00,8.872940178258858168e+00,8.612393285587215175e+00,1.044942511316341971e+01,1.045896598868093541e+01
1.910000000000000142e+01,9.236081900965956493e+00,8.913703309551049614e+00,8.652805680971939140e+00,1.049671541660427110e+01,1.051014993979368839e+01
1.919999999999999929e+01,9.280585569148477987e+00,8.954711713479055035e+00,8.693302159715267763e+00,1.054424723655043117e+01,1.056219673193669983e+01
1.930000000000000071e+01,9.326112776403945759e+00,8.995678061654112767e+00,8.733480228082484587e+00,1.059174889766603300e+01,1.061474233002121714e+01
1.940000000000000213e+01,9.371817435622356030e+00,9.036346572062052829e+00,8.773379879641305834e+00,1.063914889495195304e+01,1.066731666201427231e+01
1.950000000000000000e+01,9.416700127273934129e+00,9.077382393057469301e+00,8.812539230529955248e+00,1.068615193998863688e+01,1.071952863816598089e+01
1.960000000000000142e+01,9.460664485227985310e+00,9.118413754635776414e+00,8.851202775334851225e+00,1.073277147826944500e+01,1.077193090341659598e+01
1.969999999999999929e+01,9.504293832206149872e+00,9.159604083523268159e+00,8.889722841071950654e+00,1.077906080121910648e+01,1.082494194187082037e+01
1.980000000000000071e+01,9.548378174206145985e+00,9.200404313064238337e+00,8.928340110787418737e+00,1.082569723579445409e+01,1.087818553357077000e+01
1.990000000000000213e+01,9.592586873628025756e+00,9.241256300142017821e+00,8.967741819347484267e+00,1.087304954112413391e+01,1.093146738343806490e+01
2.000000000000000000e+01,9.636760038255324901e+00,9.282632916604679707e+00,9.008523056873391610e+00,1.092082828424230101e+01,1.098439808632388193e+01
2.010000000000000142e+01,9.681127279468512370e+00,9.325083259107987743e+00,9.049668910966735424e+00,1.096918902721079370e+01,1.103690968166370823e+01
2.019999999999999929e+01,9.725647752821409142e+00,9.368427469312015532e+00,9.090253389166294440e+00,1.101726325227662606e+01,1.108886075646158709e+01
2.030000000000000071e+01,9.769952610805903603e+00,9.411634385265845282e+00,9.130567845945712691e+00,1.106390168070915614e+01,1.113986749379467511e+01
2.040000000000000213e+01,9.814478776681120564e+00,9.454097367503239369e+00,9.170868971092605904e+00,1.110942668080838658e+01,1.119005871893791593e+01
2.050000000000000000e+01,9.858544805931297006e+00,9.495800398479723015e+00,9.211287355583124281e+00,1.115499559111354699e+01,1.124063012985137533e+01
2.060000000000000142e+01,9.902570751617036038e+00,9.537181268767740860e+00,9.251654717774096426e+00,1.120115946296744980e+01,1.129142338783136523e+01
2.069999999999999929e+01,9.946612568002146659e+00,9.577993413850766302e+00,9.291551650867706513e+00,1.124800282084264325e+01,1.134223849876152634e+01
2.080000000000000071e+01,9.990896006339136548e+00,9.618445580558558916e+00,9.330852473841796169e+00,1.129539797530528134e+01,1.139333086757234526e+01
2.090000000000000213e+01,1.003489577152889467e+01,9.658786250199886680e+00,9.370232903484330578e+00,1.134340648453163070e+01,1.144470961892612237e+01
2.100000000000000000e+01,1.007917321635015639e+01,9.699518289027006190e+00,9.410693540681561942e+00,1.139149735025797128e+01,1.149582848200057583e+01
2.110000000000000142e+01,1.012290893105831913e+01,9.740791697820039730e+00,9.451664034293544958e+00,1.143929344479120225e+01,1.154682203689646691e+01
2.119999999999999929e+01,1.016586701889586664e+01,9.782686251891091089e+00,9.492266482624060586e+00,1.148652550955020324e+01,1.159774131012077625e+01
2.130000000000000071e+01,1.020854491176099366e+01,9.824172986817963249e+00,9.532340408569213608e+00,1.153359583567485380e+01,1.164892253754273277e+01
2.140000000000000213e+01,1.025181853034785817e+01,9.865506968290231882e+00,9.572404604370923664e+00,1.158111440049838059e+01,1.170024750766960864e+01
2.150000000000000000e+01,1.029571412494767557e+01,9.907928110842313174e+00,9.612288536274801842e+00,1.162906191681775248e+01,1.175135146996351665e+01
2.160000000000000142e+01,1.033983114431678096e+01,9.951078427189910869e+00,9.651873513570734531e+00,1.167674640424243471e+01,1.180271030132020549e+01
2.169999999999999929e+01,1.038434195869813870e+01,9.994003337225183969e+00,9.690716505294053817e+00,1.172401802020000439e+01,1.185456043439091367e+01
2.180000000000000071e+01,1.042857789061092433e+01,1.003565895320968515e+01,9.729124735020995729e+00,1.177143416193115044e+01,1.190652941681932298e+01
2.190000000000000213e+01,1.047310266755042463e+01,1.007696182895384851e+01,9.767891647379638442e+00,1.181979411559457738e+01,1.195818794533966312e+01
2.200000000000000000e+01,1.051773894377460827e+01,1.011832819105252490e+01,9.806944404212810440e+00,1.186802649601536430e+01,1.200964595254410483e+01
2.210000000000000142e+01,1.056224005190322934e+01,1.015996119333510528e+01,9.846693077578173359e+00,1.191600581706218165e+01,1.206063699179845194e+01
2.219999999999999929e+01,1.060677148044306861e+01,1.020174883219581652e+01,9.886519671287512523e+00,1.196407595191876538e+01,1.211129965453538659e+01
2.230000000000000071e+01,1.065101076625974663e+01,1.024264414439633164e+01,9.926295814818745455e+00,1.201191752678870905e+01,1.216236251787217881e+01
2.240000000000000213e+01,1.069476553044392197e+01,1.028351380422211570e+01,9.966150249542577555e+00,1.205840685212329788e+01,1.221378465153652648e+01
2.250000000000000000e+01,1.073947280330334486e+01,1.032487337912059644e+01,1.000551222489738556e+01,1.210445862748855639e+01,1.226433402710925513e+01
2.260000000000000142e+01,1.078443373737571243e+01,1.036671660314804555e+01,1.004400805758272774e+01,1.215074195498212895e+01,1.231465648423158221e+01
2.269999999999999929e+01,1.082991654416917626e+01,1.040883594121343236e+01,1.008209138453191933e+01,1.219669131663664885e+01,1.236491431680341968e+01
2.280000000000000071e+01,1.087581805951607095e+01,1.045076157699908848e+01,1.012103156582337959e+01,1.224209826893941866e+01,1.241543008917503776e+01
2.290000000000000213e+01,1.092157457589179970e+01,1.049259477045776379e+01,1.016079318029656697e+01,1.228674739556824491e+01,1.246592157924635025e+01
2.300000000000000000e+01,1.096679643147167660e+01,1.053392375340524367e+01,1.020077311510299722e+01,1.233209448938085373e+01,1.251682010918979415e+01
2.310000000000000142e+01,1.101135825993248574e+01,1.057536838835890336e+01,1.024074092092484278e+01,1.237799513081569458e+01,1.256765950028750822e+01
2.319999999999999929e+01,1.105589644508594205e+01,1.061676905777939872e+01,1.028030741172242735e+01,1.242429209268577139e+01,1.261909953271791274e+01
2.330000000000000071e+01,1.110100585186158462e+01,1.065780823272766220e+01,1.031948639276199309e+01,1.247091519611228527e+01,1.267135278932925857e+01
2.340000000000000213e+01,1.114681065286052686e+01,1.069847152018491343e+01,1.035889295620649797e+01,1.251745372059469652e+01,1.272357333666685619e+01
2.350000000000000000e+01,1.119231447677249847e+01,1.073890548037291204e+01,1.039817784742486495e+01,1.256398440858792398e+01,1.277530938337330646e+01
2.360000000000000142e+01,1.123765277742029944e+01,1.077954031748819119e+01,1.043720976217549179e+01,1.261057464426514052e+01,1.282729110989172128e+01
2.369999999999999929e+01,1.128373482117465620e+01,1.082016707083808527e+01,1.047665312180484953e+01,1.265748195116015751e+01,1.287962382139643225e+01
2.380000000000000071e+01,1.132981928040469555e+01,1.086092340491066643e+01,1.051628075395934125e+01,1.270458487962368999e+01,1.293148715789096137e+01
2.390000000000000213e+01,1.137541696077821030e+01,1.090154141379890262e+01,1.055652341917267734e+01,1.275149244053510422e+01,1.298202746188003509e+01
2.400000000000000000e+01,1.142025445088163060e+01,1.094214620142241934e+01,1.059655510558119929e+01,1.279779860288395454e+01,1.303231211225338448e+01
2.410000000000000142e+01,1.146469749858695053e+01,1.098294409424612894e+01,1.063701066141321050e+01,1.284388579934151586e+01,1.308303281888604985e+01
2.419999999999999929e+01,1.150938246211348392e+01,1.102397906419647100e+01,1.067821176272471284e+01,1.288967726665328861e+01,1.313409997642775906e+01
2.430000000000000071e+01,1.155501502443452821e+01,1.106500431611187629e+01,1.071933135932181891e+01,1.293618384612368111e+01,1.318466551117610308e+01
2.440000000000000213e+01,1.160038853826750938e+01,1.110580133509774825e+01,1.076017469978172514e+01,1.298362820973096632e+01,1.323521167841929902e+01
2.450000000000000000e+01,1.164532384017375577e+01,1.114586991268527072e+01,1.080076540823573339e+01,1.303092863893967035e+01,1.328619283493461722e+01
2.460000000000000142e+01,1.169032451526522998e+01,1.118568063961098247e+01,1.084118916789331699e+01,1.307786620508673181e+01,1.333690630681959632e+01
2.469999999999999929e+01,1.173602297600737465e+01,1.122482105185684098e+01,1.088084139696932695e+01,1.312423740271272088e+01,1.338677022230271163e+01
2.480000000000000071e+01,1.178112640081738860e+01,1.126386049962884250e+01,1.092004993204669283e+01,1.317019559271364670e+01,1.343633659148689041e+01
2.490000000000000213e+01,1.182528969925750495e+01,1.130329022982882314e+01,1.095890526388429187e+01,1.321617738975274747e+01,1.348639167311952392e+01
2.500000000000000000e+01,1.186870345841217400e+01,1.134289742384237343e+01,1.099835562794160282e+01,1.326179980874876563e+01,1.353760731517476401e+01
2.510000000000000142e+01,1.191160583264023032e+01,1.138303327372891438e+01,1.103830125573849763e+01,1.330777302261514805e+01,1.358964367018779562e+01
2.519999999999999929e+01,1.195436007969219183e+01,1.142375752009539092e+01,1.107808781253837083e+01,1.335400128999266656e+01,1.364099024438268870e+01
2.530000000000000071e+01,1.199786029987278901e+01,1.146478584007423329e+01,1.111724027726582520e+01,1.339972761292450798e+01,1.369226338791375852e+01
2.540000000000000213e+01,1.204198583310623327e+01,1.150645244342527462e+01,1.115649340710929316e+01,1.344549480248569040e+01,1.374382749660964187e+01
2.550000000000000000e+01,1.208644315683398496e+01,1.154734889588942792e+01,1.119597565751141666e+01,1.349226352664573803e+01,1.379561135119385540e+01
2.560000000000000142e+01,1.213037367029896885e+01,1.158791176634039388e+01,1.123624422023223524e+01,1.353963380522502469e+01,1.384794457437584647e+01
2.569999999999999929e+01,1.217395124450661115e+01,1.162891434101582533e+01,1.127738139467568956e+01,1.358653603146509781e+01,1.390059737020978758e+01
2.580000000000000071e+01,1.221793331917483627e+01,1.167004383215049934e+01,1.131837064745404042e+01,1.363283794640611468e+01,1.395361457824766127e+01
2.590000000000000213e+01,1.226280939223176603e+01,1.171130035718683615e+01,1.135823508750258526e+01,1.367927590596985077e+01,1.400679157803189057e+01
2.600000000000000000e+01,1.230832141919981204e+01,1.175306030474476771e+01,1.139758027306800336e+01,1.372681312302195344e+01,1.405960300508646554e+01
2.610000000000000142e+01,1.235400552043125266e+01,1.179490204706010026e+01,1.143635618953180888e+01,1.377405454358171433e+01,1.411156901264673280e+01
2.619999999999999929e+01,1.239969749614280836e+01,1.183719676368824203e+01,1.147593787424995604e+01,1.382057060006654758e+01,1.416353334966439625e+01
2.630000000000000071e+01,1.244510143082290732e+01,1.187975194485584041e+01,1.151597569297278056e+01,1.386686494365928368e+01,1.421611077788394439e+01
2.640000000000000213e+01,1.248975664555346654e+01,1.192145907230539237e+01,1.155611475210276140e+01,1.391316131255539545e+01,1.426891870496772974e+01
2.650000000000000000e+01,1.253469188434509896e+01,1.196198854687677837e+01,1.159582255383766203e+01,1.395915391422392737e+01,1.432209234250206720e+01
2.660000000000000142e+01,1.257976290474245040e+01,1.200183702917779449e+01,1.163547007060566862e+01,1.400492761277399545e+01,1.437587980629485607e+01
2.669999999999999929e+01,1.262516671811221869e+01,1.204126069037483227e+01,1.167502532691682049e+01,1.405047816928007087e+01,1.443010950836376516e+01
2.680000000000000071e+01,1.267021254681187337e+01,1.208047607593560002e+01,1.171393527426488390e+01,1.409635984287789157e+01,1.448459640135050641e+01
2.690000000000000213e+01,1.271468449044190763e+01,1.212020189491352440e+01,1.175264881199750100e+01,1.414253446858065466e+01,1.453918974328405866e+01
2.700000000000000000e+01,1.275885988064166199e+01,1.216028319002754543e+01,1.179098387816496896e+01,1.418880594278240714e+01,1.459325376107952366e+01
2.710000000000000142e+01,1.280312399523615419e+01,1.219947560010801624e+01,1.182950078123885973e+01,1.423498152522113180e+01,1.464676508252422416e+01
2.719999999999999929e+01,1.284759426903696600e+01,1.223894363511850258e+01,1.186764715787818503e+01,1.428135018081675511e+01,1.470041009959436273e+01
2.730000000000000071e+01,1.289197518397949871e+01,1.227859546480262409e+01,1.190543994570492714e+01,1.432848739115756409e+01,1.475443742051372098e+01
2.740000000000000213e+01,1.293668593200095351e+01,1.231822757547383240e+01,1.194286459828565761e+01,1.437544044324166670e+01,1.480851739286032931e+01
2.750000000000000000e+01,1.298134526922931364e+01,1.235788955893062102e+01,1.198061341210089914e+01,1.442147068604762161e+01,1.486227562045433714e+01
2.760000000000000142e+01,1.302575759813574052e+01,1.239757000304550871e+01,1.201839982644984062e+01,1.446695996729421907e+01,1.491609049788992181e+01
2.769999999999999929e+01,1.306959264958497435e+01,1.243765755987806010e+01,1.205610823416814803e+01,1.451291197739970151e+01,1.496912541904861271e+01
2.780000000000000071e+01,1.311283646941360459e+01,1.247855479735082262e+01,1.209383789646737561e+01,1.455968070142593973e+01,1.502192377156271519e+01
2.790000000000000213e+01,1.315629282593693006e+01,1.251939220903466676e+01,1.213188452313304388e+01,1.460706694405978290e+01,1.507437576543862257e+01
2.800000000000000000e+01,1.320075640560512120e+01,1.256009578107655855e+01,1.217070981865163048e+01,1.465515829164370842e+01,1.512737982387276325e+01
2.810000000000000142e+01,1.324556205826371880e+01,1.259996879587933449e+01,1.221031127979552444e+01,1.470376573401979492e+01,1.518088404850246853e+01
2.819999999999999929e+01,1.329046228894630488e+01,1.263977010151882574e+01,1.225040339780939469e+01,1.475179699405443401e+01,1.523469065441417492e+01
2.830000000000000071e+01,1.333503910830613570e+01,1.267963030864500062e+01,1.228983991997539071e+01,1.479884212200357929e+01,1.528810960234781291e+01
2.840000000000000213e+01,1.337922406099681538e+01,1.271992213090625334e+01,1.232903975733048973e+01,1.484470937181669825e+01,1.534105993720833006e+01
2.850000000000000000e+01,1.342345625999365311e+01,1.276005609906659544e+01,1.236833171506581053e+01,1.489005144027645322e+01,1.539394033201219258e+01
2.860000000000000142e+01,1.346747113701812282e+01,1.280005999001649641e+01,1.240738205438568187e+01,1.493578307351042866e+01,1.544654642375735953e+01
2.869999999999999929e+01,1.351130731935298712e+01,1.283986160166345414e+01,1.244642398667914662e+01,1.498219470071116000e+01,1.549869903196746890e+01
2.880000000000000071e+01,1.355474774354724765e+01,1.287981821868859811e+01,1.248509880747008971e+01,1.502914988115062833e+01,1.555134971245967712e+01
2.890000000000000213e+01,1.359799518976025823e+01,1.292128784869416513e+01,1.252309081151834036e+01,1.507579787536549532e+01,1.560554514497998824e+01
2.900000000000000000e+01,1.364104380570554298e+01,1.296373819329434163e+01,1.256051574231108958e+01,1.512161494304822362e+01,1.566133545494106727e+01
2.910000000000000142e+01,1.368410385589825751e+01,1.300541916948964705e+01,1.259859025435637747e+01,1.516686927356827574e+01,1.571636175475700625e+01
2.919999999999999929e+01,1.372791503063505480e+01,1.304642717488577652e+01,1.263741915072565725e+01,1.521223629773005115e+01,1.577058373186038587e+01
2.930000000000000071e+01,1.377252983773267658e+01,1.308720754309949896e+01,1.267562702548079479e+01,1.525758734865889821e+01,1.582316998187984325e+01
2.940000000000000213e+01,1.381734119058218013e+01,1.312740265611562585e+01,1.271305206386762876e+01,1.530375934607414301e+01,1.587472939378112713e+01
2.950000000000000000e+01,1.386203891735227423e+01,1.316717192930317459e+01,1.275016819880079844e+01,1.535101571889250849e+01,1.592619304319863360e+01
2.960000000000000142e+01,1.390657364885483460e+01,1.320726278362166894e+01,1.278778182536151675e+01,1.539746051189540488e+01,1.597858079387061991e+01
2.969999999999999929e+01,1.395090213478231789e+01,1.324886387983372948e+01,1.282620456003868981e+01,1.544306006069371406e+01,1.603088459701561774e+01
2.980000000000000071e+01,1.399503263367446948e+01,1.329094384925723027e+01,1.286477594304099625e+01,1.548842249283132411e+01,1.608247088273978775e+01
2.990000000000000213e+01,1.403914910238032121e+01,1.333229907454729357e+01,1.290302471211715130e+01,1.553351391103471357e+01,1.613423291599145060e+01
3.000000000000000000e+01,1.408388407279733912e+01,1.337319541767595865e+01,1.294008763089592939e+01,1.557838416875967091e+01,1.618666576955604341e+01
3.010000000000000142e+01,1.412894866060963572e+01,1.341395853958951712e+01,1.297685981408035438e+01,1.562390646527579108e+01,1.623910644736172060e+01
3.019999999999999929e+01,1.417414318374265392e+01,1.345463771041560719e+01,1.301429360364179999e+01,1.566951511314836942e+01,1.629118103143130369e+01
3.030000000000000071e+01,1.421911372095124015e+01,1.349561108615060867e+01,1.305209775327182165e+01,1.571543930676342704e+01,1.634274295220079409e+01
3.040000000000000213e+01,1.426294538538313184e+01,1.353737409503133193e+01,1.309028628500579572e+01,1.576115576299980248e+01,1.639464126470828731e+01
3.050000000000000000e+01,1.430670748665551706e+01,1.358014560515655589e+01,1.312804613192243508e+01,1.580661350379105379e+01,1.644714750932505964e+01
3.060000000000000142e+01,1.435114889818873607e+01,1.362308420275397225e+01,1.316567119013930487e+01,1.585185507247551051e+01,1.650043846341438680e+01
3.069999999999999929e+01,1.439559064634624974e+01,1.366511836478434638e+01,1.320329926340830262e+01,1.589735776224250507e+01,1.655422610853937826e+01
3.080000000000000071e+01,1.444004263369704510e+01,1.370622690135138022e+01,1.324064937948502951e+01,1.594343904474834162e+01,1.660708940846470227e+01
3.090000000000000213e+01,1.448449777812866834e+01,1.374706011373561232e+01,1.327832344868361680e+01,1.599001522106887663e+01,1.665865759076704578e+01
3.100000000000000000e+01,1.452848522511250806e+01,1.378721285201540070e+01,1.331677081810092034e+01,1.603709492496295397e+01,1.671065866235641550e+01
3.110000000000000142e+01,1.457168626798921274e+01,1.382788672558759480e+01,1.335579678752776545e+01,1.608426728939612005e+01,1.676266515443118976e+01
3.119999999999999929e+01,1.461443891648796978e+01,1.386951129292665463e+01,1.339573493472673604e+01,1.613238415617712462e+01,1.681497431043518276e+01
3.130000000000000071e+01,1.465669209073677770e+01,1.391129258490575360e+01,1.343599095930385268e+01,1.618064774803217176e+01,1.686708450918617785e+01
3.140000000000000213e+01,1.469855614184569603e+01,1.395221930621022821e+01,1.347630882724869572e+01,1.622844150492954540e+01,1.691842170375882404e+01
3.150000000000000000e+01,1.474096602688681479e+01,1.399286780858323276e+01,1.351581387807433821e+01,1.627547655129834325e+01,1.696875161041621993e+01
3.160000000000000142e+01,1.478334984752499359e+01,1.403392110276985605e+01,1.355413367300092808e+01,1.632163730044112171e+01,1.701852751753543203e+01
3.169999999999999929e+01,1.482582818488547893e+01,1.407521206612040388e+01,1.359135319762739513e+01,1.636766484532992294e+01,1.706841225635280423e+01
3.180000000000000071e+01,1.486925718466573620e+01,1.411592036129055039e+01,1.362782033136425675e+01,1.641385902642704053e+01,1.711861627210201320e+01
3.190000000000000213e+01,1.491325478324615794e+01,1.415759440609145869e+01,1.366359457005536981e+01,1.645946177479070016e+01,1.716891226328697684e+01
3.200000000000000000e+01,1.495674015487510289e+01,1.419934335013683224e+01,1.369941064210201986e+01,1.650464364670523665e+01,1.721934489476088714e+01
3.210000000000000142e+01,1.500000383729606668e+01,1.424046801871045353e+01,1.373533675848866942e+01,1.654916009401836874e+01,1.726940024312256483e+01
3.220000000000000284e+01,1.504359183822577073e+01,1.428196420212977102e+01,1.377156931885984470e+01,1.659380820214306240e+01,1.731916047831461114e+01
3.229999999999999716e+01,1.508764217893427073e+01,1.432424859525125171e+01,1.380873973973499602e+01,1.663887506761543023e+01,1.736897912235914987e+01
3.239999999999999858e+01,1.513179756202979931e+01,1.436708350901595210e+01,1.384640394823594711e+01,1.668468742122295723e+01,1.741913273594290956e+01
3.250000000000000000e+01,1.517608694661658042e+01,1.440861599793501036e+01,1.388441791335845998e+01,1.673124699833963902e+01,1.746970872799521857e+01
3.260000000000000142e+01,1.522023370825902511e+01,1.444832841497842857e+01,1.392263860725740621e+01,1.677855599013874155e+01,1.752043891938237863e+01
3.270000000000000284e+01,1.526443439914332778e+01,1.448817739843021002e+01,1.396099586154653771e+01,1.682501509083011015e+01,1.757101389190981067e+01
3.279999999999999716e+01,1.530890054414561519e+01,1.452906725128427112e+01,1.399954492910880788e+01,1.687035193510664755e+01,1.762089512467904484e+01
3.289999999999999858e+01,1.535398421909759037e+01,1.457102833750832360e+01,1.403849447565633390e+01,1.691580299469731230e+01,1.766972816240090083e+01
3.300000000000000000e+01,1.539917174862091187e+01,1.461343022595677077e+01,1.407789061218090509e+01,1.696181168736955058e+01,1.771837119493250512e+01
3.310000000000000142e+01,1.544443082298812797e+01,1.465535398623826246e+01,1.411720756550228195e+01,1.700749894546256513e+01,1.776706982869335860e+01
3.320000000000000284e+01,1.548963924447403961e+01,1.469675607691538666e+01,1.415661679328922240e+01,1.705294280708825028e+01,1.781608212906320077e+01
3.329999999999999716e+01,1.553482658347385126e+01,1.473768310173259088e+01,1.419588389204765022e+01,1.709854969354680421e+01,1.786590378517663069e+01
3.339999999999999858e+01,1.557996018354782031e+01,1.477916380648412265e+01,1.423529125986808097e+01,1.714427172371158292e+01,1.791675022085448887e+01
3.350000000000000000e+01,1.562504752585993550e+01,1.482039629036169082e+01,1.427476898136855255e+01,1.719119047599164674e+01,1.796726479434064672e+01
3.360000000000000142e+01,1.566991169151198804e+01,1.486109299349656787e+01,1.431349485606922833e+01,1.723832991702481010e+01,1.801750237484707995e+01
3.370000000000000284e+01,1.571500242075852327e+01,1.490145028552636930e+01,1.435173241344259232e+01,1.728575712626781780e+01,1.806710049585424827e+01
3.379999999999999716e+01,1.576011820491762982e+01,1.494226002309612866e+01,1.439086703644335863e+01,1.733291281542340201e+01,1.811624032797165995e+01
3.389999999999999858e+01,1.580493645328930974e+01,1.498349444350951565e+01,1.443126043675583325e+01,1.737911230934476947e+01,1.816519728718828119e+01
3.400000000000000000e+01,1.584989867845797917e+01,1.502577006351162936e+01,1.447203395262008918e+01,1.742469982859601174e+01,1.821517798847528979e+01
3.410000000000000142e+01,1.589542124145158120e+01,1.506884461528321673e+01,1.451264485642061075e+01,1.747044800443964618e+01,1.826646084121080094e+01
3.420000000000000284e+01,1.594074486633488874e+01,1.511164297718256577e+01,1.455248520328887096e+01,1.751612290061662947e+01,1.831774818688882789e+01
3.430000000000000426e+01,1.598582548089543387e+01,1.515378949541748455e+01,1.459258016766466604e+01,1.756173449557199362e+01,1.836905374915895806e+01
3.439999999999999858e+01,1.603072404665356032e+01,1.519548456876771247e+01,1.463324672063675003e+01,1.760696915392566098e+01,1.842029485587930893e+01
3.450000000000000000e+01,1.607601857192397432e+01,1.523714072590045987e+01,1.467340325262207834e+01,1.765269107558350115e+01,1.847133781699704258e+01
3.460000000000000142e+01,1.612165281236121928e+01,1.527799673286730631e+01,1.471261455889758274e+01,1.769959281121679950e+01,1.852116062436449795e+01
3.470000000000000284e+01,1.616744688578675948e+01,1.531778690917044727e+01,1.475148356770836777e+01,1.774728834683872236e+01,1.857039951216809115e+01
3.480000000000000426e+01,1.621284589785541286e+01,1.535651938639721514e+01,1.479068642523870558e+01,1.779462025630668620e+01,1.862022294139836731e+01
3.489999999999999858e+01,1.625828019821728176e+01,1.539494969313662054e+01,1.483040376644068736e+01,1.784086220418634028e+01,1.867064895954366577e+01
3.500000000000000000e+01,1.630445182688644579e+01,1.543387933484327235e+01,1.487060074107756158e+01,1.788680714282651962e+01,1.872138938825424503e+01
3.510000000000000142e+01,1.635079117126366199e+01,1.547291669326493491e+01,1.491072650461247129e+01,1.793342289287422275e+01,1.877146063675813537e+01
3.520000000000000284e+01,1.639790797958563928e+01,1.551190931185361954e+01,1.495053493972413250e+01,1.798124106220420160e+01,1.882001448607496741e+01
3.530000000000000426e+01,1.644515780070719657e+01,1.555145900729527675e+01,1.499064887140370317e+01,1.802982981284244701e+01,1.886802102081027854e+01
3.539999999999999858e+01,1.649188625505902905e+01,1.559122773422547326e+01,1.503116234834966924e+01,1.807856358176783829e+01,1.891676698627904685e+01
3.550000000000000000e+01,1.653757952033361889e+01,1.563125600964896655e+01,1.507206462588673368e+01,1.812660318170587104e+01,1.896599914660943043e+01
3.560000000000000142e+01,1.658310284856720784e+01,1.567135975818387017e+01,1.511314958071063153e+01,1.817347762707079539e+01,1.901538098187708314e+01
3.570000000000000284e+01,1.662923474185140549e+01,1.571182878341411282e+01,1.515388404044509940e+01,1.821849616108747227e+01,1.906490543395314674e+01
3.580000000000000426e+01,1.667540175079831499e+01,1.575197651984027303e+01,1.519427661159994081e+01,1.826343825502809892e+01,1.911494332145025155e+01
3.589999999999999858e+01,1.672142946952194720e+01,1.579221665841655664e+01,1.523424329349287731e+01,1.830848982591066232e+01,1.916656647740818187e+01
3.600000000000000000e+01,1.676703598038993448e+01,1.583253869442303063e+01,1.527321844001747131e+01,1.835258217414846271e+01,1.921877426796989852e+01
3.610000000000000142e+01,1.681203631066414061e+01,1.587252989224010591e+01,1.531217733342964138e+01,1.839707841133252941e+01,1.927036886159939044e+01
3.620000000000000284e+01,1.685687493405866633e+01,1.591252751755235018e+01,1.535175175949787629e+01,1.844263609763212841e+01,1.932090859926456972e+01
3.630000000000000426e+01,1.690194918012660708e+01,1.595300602401750467e+01,1.539230242352519795e+01,1.848837895690360966e+01,1.937111644476905070e+01
3.639999999999999858e+01,1.694762245680320945e+01,1.599325905664389680e+01,1.543292246083188068e+01,1.853374861895797565e+01,1.942121850860113952e+01
3.650000000000000000e+01,1.699426693956350221e+01,1.603351794912344275e+01,1.547346561663534814e+01,1.857818399754248873e+01,1.947123367730845800e+01
3.660000000000000142e+01,1.704134685412590855e+01,1.607367239306174511e+01,1.551329433733128482e+01,1.862222137660461030e+01,1.952069246135817338e+01
3.670000000000000284e+01,1.708814031025377744e+01,1.611403704738389919e+01,1.555285737012592051e+01,1.866621947970279294e+01,1.957064345752054990e+01
3.680000000000000426e+01,1.713460286085341622e+01,1.615418375422506614e+01,1.559154929413506885e+01,1.871079444014769422e+01,1.962140682909096512e+01
3.689999999999999858e+01,1.718117512466339036e+01,1.619383035377467195e+01,1.562988976618904680e+01,1.875635047558873936e+01,1.967280193533619936e+01
3.700000000000000000e+01,1.722772282285386680e+01,1.623242424013523078e+01,1.566820558512413797e+01,1.880086063056236156e+01,1.972391836699626566e+01
3.710000000000000142e+01,1.727451712877978096e+01,1.627102412073844917e+01,1.570685757755952139e+01,1.884428833856243202e+01,1.977546176825684299e+01
3.720000000000000284e+01,1.732181168274702898e+01,1.630998557297632345e+01,1.574685323102933232e+01,1.888789743749903494e+01,1.982659055862460562e+01
3.730000000000000426e+01,1.736939688489323075e+01,1.634892843544119145e+01,1.578749861296477519e+01,1.893224580496827514e+01,1.987759664221806943e+01
3.739999999999999858e+01,1.741654122082958978e+01,1.638826833243757619e+01,1.582785496665318981e+01,1.897726558598616364e+01,1.992965087102015431e+01
3.750000000000000000e+01,1.746264850219338527e+01,1.642720530298207393e+01,1.586796678503636393e+01,1.902280440528196692e+01,1.998268521419079846e+01
3.760000000000000142e+01,1.750815573105544587e+01,1.646692226155036920e+01,1.590724976143346758e+01,1.906909200837344187e+01,2.003481314887399378e+01
3.770000000000000284e+01,1.755260481788135607e+01,1.650698674123083620e+01,1.594675985350698788e+01,1.911541235947929707e+01,2.008653333444401312e+01
3.780000000000000426e+01,1.759711395436049486e+01,1.654735116670527617e+01,1.598684007482526503e+01,1.916173471613423374e+01,2.013906981111761496e+01
3.789999999999999858e+01,1.764256355915373575e+01,1.658759135771165916e+01,1.602737044543514955e+01,1.920784968635424761e+01,2.019173848009583239e+01
3.800000000000000000e+01,1.768864730494949100e+01,1.662703074173326101e+01,1.606718296303636606e+01,1.925349482213775332e+01,2.024316893472236956e+01
3.810000000000000142e+01,1.773581180109995614e+01,1.666607241970970676e+01,1.610576198710187867e+01,1.929944641216424728e+01,2.029442439706498647e+01
3.820000000000000284e+01,1.778358720123839376e+01,1.670520587341075824e+01,1.614387778012805441e+01,1.934488700255361593e+01,2.034591534657595702e+01
3.830000000000000426e+01,1.783087252581330517e+01,1.674443233081971982e+01,1.618204968198509519e+01,1.939007589307237112e+01,2.039757585112532468e+01
3.839999999999999858e+01,1.787713911238008890e+01,1.678360917130395435e+01,1.622114064310562043e+01,1.943510678123888269e+01,2.044952708456700208e+01
3.850000000000000000e+01,1.792248700621541602e+01,1.682266615262142295e+01,1.626071704269158147e+01,1.947863120788258584e+01,2.050250196203135644e+01
3.860000000000000142e+01,1.796734555054276683e+01,1.686124718020127133e+01,1.629994708937365644e+01,1.952112833508245160e+01,2.055623605938986742e+01
3.870000000000000284e+01,1.801207436033345033e+01,1.689983472505602080e+01,1.633925441231345488e+01,1.956360532580748668e+01,2.061075697572275800e+01
3.880000000000000426e+01,1.805720185897581587e+01,1.693897156154313066e+01,1.637930875933247776e+01,1.960588221424334776e+01,2.066589843898126233e+01
3.889999999999999858e+01,1.810247498393512089e+01,1.697802433089707108e+01,1.641981286448046617e+01,1.964832093696270121e+01,2.072077368893216587e+01
3.900000000000000000e+01,1.814732869123002246e+01,1.701630340551662357e+01,1.646053617524543000e+01,1.969151144244257523e+01,2.077485198417899781e+01
3.910000000000000142e+01,1.819122623947883710e+01,1.705371839574051762e+01,1.650027320074033810e+01,1.973459010047348272e+01,2.082809542523365920e+01
3.920000000000000284e+01,1.823508828236083801e+01,1.709151361134061275e+01,1.653962861491344682e+01,1.977708806375972728e+01,2.088157403834029324e+01
3.930000000000000426e+01,1.827917746717022496e+01,1.712989368257430556e+01,1.657872069360996647e+01,1.982023608192654862e+01,2.093497376196329540e+01
3.939999999999999858e+01,1.832345049965743655e+01,1.716853618054512154e+01,1.661737375554369578e+01,1.986355261630870217e+01,2.098823396693518362e+01
3.950000000000000000e+01,1.836748568965560580e+01,1.720633587979821399e+01,1.665541401000144006e+01,1.990674423228136192e+01,2.104192970975396548e+01
3.960000000000000142e+01,1.841183923915187748e+01,1.724330942014620049e+01,1.669368304156216354e+01,1.994986959477849098e+01,2.109465128240711707e+01
3.970000000000000284e+01,1.845660642327131740e+01,1.728043814012161761e+01,1.673239198906728831e+01,1.999294595244675321e+01,2.114641135271898165e+01
3.980000000000000426e+01,1.850225053384237839e+01,1.731751132885490208e+01,1.677190137579245643e+01,2.003564332289662531e+01,2.119695379899413012e+01
3.989999999999999858e+01,1.854917357025670910e+01,1.735551002933243936e+01,1.681186591950528708e+01,2.007843942463190601e+01,2.124791975505137387e+01
4.000000000000000000e+01,1.859730237432490085e+01,1.739420726673073148e+01,1.685183220086803146e+01,2.012126590149919991e+01,2.130002799497500376e+01
4.010000000000000142e+01,1.864530110397731377e+01,1.743216865741872112e+01,1.689138714806091457e+01,2.016473247967409677e+01,2.135274798233829685e+01
4.020000000000000284e+01,1.869224854388430046e+01,1.746938661489327060e+01,1.693112533336697467e+01,2.020856361465210327e+01,2.140526032443060700e+01
4.030000000000000426e+01,1.873862670211403980e+01,1.750638999097815685e+01,1.697065956644940954e+01,2.025255843161393798e+01,2.145714114592689370e+01
4.039999999999999858e+01,1.878505929070624347e+01,1.754372552161889232e+01,1.700956608032943507e+01,2.029690887430262691e+01,2.150872299292734624e+01
4.050000000000000000e+01,1.883213012758520932e+01,1.758189973767817449e+01,1.704849122229809311e+01,2.034044972092192438e+01,2.156021409323087568e+01
4.060000000000000142e+01,1.887935237575595337e+01,1.762050792534467192e+01,1.708817985316568411e+01,2.038400833988057670e+01,2.161180021496496551e+01
4.070000000000000284e+01,1.892664011573052818e+01,1.765967907713870133e+01,1.712805498751482602e+01,2.042843578038641539e+01,2.166355233149696957e+01
4.080000000000000426e+01,1.897416377482860028e+01,1.769826023316220898e+01,1.716755525743905153e+01,2.047321794221132052e+01,2.171473247536718176e+01
4.089999999999999858e+01,1.902207973313083755e+01,1.773604066568952575e+01,1.720691912391160017e+01,2.051748246712806889e+01,2.176552846193057533e+01
4.100000000000000000e+01,1.907000388602548568e+01,1.777335766420082308e+01,1.724642472119873204e+01,2.056080205245992332e+01,2.181689562977511088e+01
4.110000000000000142e+01,1.911734149954042294e+01,1.781090059898373568e+01,1.728592131494096762e+01,2.060393978212824351e+01,2.186831133105340541e+01
4.120000000000000284e+01,1.916386066887853445e+01,1.784934096346940890e+01,1.732459748838025249e+01,2.064753690218012494e+01,2.191985710831428591e+01
4.130000000000000426e+01,1.921008709932233316e+01,1.788927636907576968e+01,1.736276363090945196e+01,2.069125583706845362e+01,2.197193675341199537e+01
4.139999999999999858e+01,1.925653864195293608e+01,1.792971218875460337e+01,1.740174562963195726e+01,2.073496046413571037e+01,2.202403753386018082e+01
4.150000000000000000e+01,1.930313257011069439e+01,1.797003752950330835e+01,1.744084322801306897e+01,2.077801883234476321e+01,2.207634971645769895e+01
4.160000000000000142e+01,1.935029429453403083e+01,1.800941619880571309e+01,1.747992450139614462e+01,2.082090256955723717e+01,2.212819904640123170e+01
4.170000000000000284e+01,1.939835988043957471e+01,1.804809825836203174e+01,1.751888988731409569e+01,2.086293492313900444e+01,2.217932833319710895e+01
4.180000000000000426e+01,1.944663732445050641e+01,1.808649045393927324e+01,1.755785701918227559e+01,2.090502526689329699e+01,2.222942164675337295e+01
4.189999999999999858e+01,1.949497846505496312e+01,1.812509912989387217e+01,1.759675045013867845e+01,2.094731875070404215e+01,2.227859061171192678e+01
4.200000000000000000e+01,1.954313611379154381e+01,1.816317845783192197e+01,1.763535345703422053e+01,2.098999115565181839e+01,2.232746818606205252e+01
4.210000000000000142e+01,1.959257862532466987e+01,1.820122665123797390e+01,1.767319964652477893e+01,2.103336896458249328e+01,2.237747853289088340e+01
4.220000000000000284e+01,1.964287440988729116e+01,1.823972706403243649e+01,1.771171025398768606e+01,2.107757514513350472e+01,2.242887486149978926e+01
4.230000000000000426e+01,1.969266720274288218e+01,1.827903352143451698e+01,1.775163102684560812e+01,2.112208253538345559e+01,2.248137606486988815e+01
4.239999999999999858e+01,1.974243537519585345e+01,1.831884684297421373e+01,1.779200459699528380e+01,2.116657483089185376e+01,2.253345591181768626e+01
4.250000000000000000e+01,1.979293594618535934e+01,1.835897816718969366e+01,1.783256563485449320e+01,2.121065733932589481e+01,2.258506731425806535e+01
4.260000000000000142e+01,1.984315376531178288e+01,1.839832121425012446e+01,1.787271456526636371e+01,2.125529845973056808e+01,2.263707781135158825e+01
4.270000000000000284e+01,1.989315613344498246e+01,1.843785935129949394e+01,1.791234102316875365e+01,2.130046680361476774e+01,2.268968403626507069e+01
4.280000000000000426e+01,1.994303790293749046e+01,1.847733691940294065e+01,1.795140497563720672e+01,2.134614218235466865e+01,2.274216332964308052e+01
4.289999999999999858e+01,1.999225225400617845e+01,1.851584512560457796e+01,1.798969671075624532e+01,2.139140262892687971e+01,2.279461715832635349e+01
4.300000000000000000e+01,2.004074079501531003e+01,1.855336958919002299e+01,1.802865546632332538e+01,2.143775416780678711e+01,2.284636138553918272e+01
4.310000000000000142e+01,2.008868659304223669e+01,1.859004048262520215e+01,1.806843570396047483e+01,2.148401162203706605e+01,2.289793738268480183e+01
4.320000000000000284e+01,2.013609647540271652e+01,1.862691385298943203e+01,1.810783065540068648e+01,2.153018786113478811e+01,2.294938284112737747e+01
4.330000000000000426e+01,2.018351344995152985e+01,1.866450586647799881e+01,1.814621817459392616e+01,2.157603907329260196e+01,2.300126614941471104e+01
4.339999999999999858e+01,2.023060730412398200e+01,1.870282320055278191e+01,1.818428073700453140e+01,2.162238144408577156e+01,2.305372673568158604e+01
4.350000000000000000e+01,2.027723389283501021e+01,1.874119887413068142e+01,1.822243376157774009e+01,2.166889261196722671e+01,2.310674237969857359e+01
4.360000000000000142e+01,2.032389402327461880e+01,1.877981010514101357e+01,1.826025672713901571e+01,2.171499363139970029e+01,2.315942215822806460e+01
4.370000000000000284e+01,2.037139119875445203e+01,1.881788603184048725e+01,1.829712762635969625e+01,2.175972267562864104e+01,2.321156095317930124e+01
4.380000000000000426e+01,2.041903020956208081e+01,1.885525736458698987e+01,1.833362488616834085e+01,2.180347435278239487e+01,2.326347573954387116e+01
4.389999999999999858e+01,2.046703142056813718e+01,1.889246535905666846e+01,1.836972621958255303e+01,2.184740292189271216e+01,2.331484501121122577e+01
4.400000000000000000e+01,2.051591509296667226e+01,1.892974033944886258e+01,1.840676020111404299e+01,2.189159342963625221e+01,2.336594041563381197e+01
4.410000000000000142e+01,2.056600661955691933e+01,1.896739837204891188e+01,1.844517167884782793e+01,2.193592778860751125e+01,2.341748481670893511e+01
4.420000000000000284e+01,2.061642303485770711e+01,1.900594432171268622e+01,1.848493844556475452e+01,2.198096896759363617e+01,2.346962640723895177e+01
4.430000000000000426e+01,2.066640332750483822e+01,1.904523930160318201e+01,1.852531165349519071e+01,2.202608875567828051e+01,2.352254619256100554e+01
4.439999999999999858e+01,2.071618652429851437e+01,1.908427213970827552e+01,1.856456913266948305e+01,2.207167612885746877e+01,2.357609769199438077e+01
4.450000000000000000e+01,2.076583030717866762e+01,1.912223983922495307e+01,1.860352609731672047e+01,2.211721706700530277e+01,2.362990256357710450e+01
4.460000000000000142e+01,2.081529468716005482e+01,1.915972150883297331e+01,1.864226889751520133e+01,2.216271117967759707e+01,2.368339683494845360e+01
4.470000000000000284e+01,2.086376299820783231e+01,1.919697033529669739e+01,1.868008648718319265e+01,2.220841910608567105e+01,2.373588597786208254e+01
4.480000000000000426e+01,2.091214554358153777e+01,1.923510767330880000e+01,1.871704370352975033e+01,2.225501040932569197e+01,2.378740183380921991e+01
4.489999999999999858e+01,2.096025353913286082e+01,1.927232425685993533e+01,1.875286608845769010e+01,2.230228915019102942e+01,2.383844210375437100e+01
4.500000000000000000e+01,2.100713993910397193e+01,1.930794831751468976e+01,1.878816208514656338e+01,2.234933781471489667e+01,2.389007827480897106e+01
4.510000000000000142e+01,2.105328652871392237e+01,1.934308131523181373e+01,1.882415443120541809e+01,2.239564739887874012e+01,2.394162960549918751e+01
4.520000000000000284e+01,2.109950791110171764e+01,1.937987379044703218e+01,1.886103355110742186e+01,2.244120271207183492e+01,2.399297596916901298e+01
4.530000000000000426e+01,2.114611695040242978e+01,1.941792855186343658e+01,1.889774231137926108e+01,2.248689568426521745e+01,2.404443626801296929e+01
4.539999999999999858e+01,2.119368719776630527e+01,1.945646150892257964e+01,1.893482149266609582e+01,2.253266457802120470e+01,2.409606636231499621e+01
4.550000000000000000e+01,2.124213062391856965e+01,1.949517578474053536e+01,1.897196091130945916e+01,2.257880910238776551e+01,2.414817515050453878e+01
4.560000000000000142e+01,2.128985629663059953e+01,1.953433938722164598e+01,1.900848984689590182e+01,2.262503229617197320e+01,2.420045150777141529e+01
4.570000000000000284e+01,2.133679722959069380e+01,1.957356174072642929e+01,1.904416074229375866e+01,2.267122570598580822e+01,2.425171846777398699e+01
4.580000000000000426e+01,2.138433136096267262e+01,1.961181078826023239e+01,1.907972545865617064e+01,2.271708778216143543e+01,2.430224595276317956e+01
4.589999999999999858e+01,2.143276557805461024e+01,1.965007020275765370e+01,1.911575943360497121e+01,2.276397283200410371e+01,2.435192691344099813e+01
4.600000000000000000e+01,2.148120204328079197e+01,1.968992648829917158e+01,1.915260783550264989e+01,2.281217100828912692e+01,2.440251410869972304e+01
4.610000000000000142e+01,2.153030365195969864e+01,1.973020002301382192e+01,1.918988442201951372e+01,2.286096550389488158e+01,2.445464870888595854e+01
4.620000000000000284e+01,2.158029637257085298e+01,1.977146904826254570e+01,1.922640015598847896e+01,2.290970878463016902e+01,2.450719522319199584e+01
4.630000000000000426e+01,2.163011704366118693e+01,1.981277499978150303e+01,1.926224665013376480e+01,2.295779449165712194e+01,2.455977208507458087e+01
4.639999999999999858e+01,2.167931749047161460e+01,1.985358379751846769e+01,1.929737749472183594e+01,2.300506071178235601e+01,2.461319184155354023e+01
4.650000000000000000e+01,2.172715123241439983e+01,1.989388738785016386e+01,1.933287458204691234e+01,2.305142279084452284e+01,2.466747094165825160e+01
4.660000000000000142e+01,2.177435552812955066e+01,1.993417316780853099e+01,1.936949267719831980e+01,2.309728473989105524e+01,2.472189466384567424e+01
4.670000000000000284e+01,2.182081632487199130e+01,1.997434114481557899e+01,1.940701986642149279e+01,2.314278364097863872e+01,2.477444745532173798e+01
4.680000000000000426e+01,2.186801632226434222e+01,2.001478167020647447e+01,1.944510190103711977e+01,2.318782129820663584e+01,2.482649332549524246e+01
4.689999999999999858e+01,2.191553424526868810e+01,2.005591106656864753e+01,1.948339696019835898e+01,2.323340600217873941e+01,2.487852038265512178e+01
4.700000000000000000e+01,2.196361384379052950e+01,2.009647005386035445e+01,1.952152293673578498e+01,2.327896074033607121e+01,2.493112428758578147e+01
4.710000000000000142e+01,2.201233677780394871e+01,2.013581573633990729e+01,1.955906451203563989e+01,2.332497389668726839e+01,2.498322494434596308e+01
4.720000000000000284e+01,2.206185119504856829e+01,2.017412628547567977e+01,1.959559137956145136e+01,2.337156566188316376e+01,2.503438237345685380e+01
4.730000000000000426e+01,2.211114840203116216e+01,2.021247252872173661e+01,1.963261523390501750e+01,2.341777068330363321e+01,2.508511438061294996e+01
4.739999999999999858e+01,2.215963944457813639e+01,2.025036928219665100e+01,1.967019758084240166e+01,2.346401186939415240e+01,2.513586217116242949e+01
4.750000000000000000e+01,2.220634412979712025e+01,2.028758686265794253e+01,1.970738773433686930e+01,2.351007481699564039e+01,2.518637880162180309e+01
4.760000000000000142e+01,2.225126386551665902e+01,2.032511157547693159e+01,1.974480675582372058e+01,2.355713809048695850e+01,2.523654782040864220e+01
4.770000000000000284e+01,2.229512642401579825e+01,2.036310413217986337e+01,1.978153634161841268e+01,2.360425691933006576e+01,2.528592993783984966e+01
4.780000000000000426e+01,2.233861937351306537e+01,2.040188827748332656e+01,1.981687484452413628e+01,2.365099890844867403e+01,2.533545008216068695e+01
4.789999999999999858e+01,2.238200015591402448e+01,2.044091232854941964e+01,1.985153829187056829e+01,2.369767269457651082e+01,2.538537928329590443e+01
4.800000000000000000e+01,2.242583948811050831e+01,2.047989348217840444e+01,1.988620642213147960e+01,2.374437902222520691e+01,2.543526613679638260e+01
4.810000000000000142e+01,2.246951467727886964e+01,2.051896728081205978e+01,1.992097382036027753e+01,2.379109421777965139e+01,2.548463420563909665e+01
4.820000000000000284e+01,2.251312061818383725e+01,2.055804711307759547e+01,1.995614021553888406e+01,2.383708438171176169e+01,2.553425822086720132e+01
4.830000000000000426e+01,2.255762390397132222e+01,2.059687424107973186e+01,1.999153093771008471e+01,2.388334767419836524e+01,2.558441574346038294e+01
4.839999999999999858e+01,2.260230137058848143e+01,2.063469440723976689e+01,2.002704937926791828e+01,2.393039612220097112e+01,2.563525092807860162e+01
4.850000000000000000e+01,2.264634270475334077e+01,2.067254531099245085e+01,2.006286761335631041e+01,2.397755888468948626e+01,2.568661895540892814e+01
4.860000000000000142e+01,2.268992560323429331e+01,2.071259773741723009e+01,2.009749375663179194e+01,2.402560927829560100e+01,2.573831808394590936e+01
4.870000000000000284e+01,2.273372612556820016e+01,2.075343188029628294e+01,2.013169213378428424e+01,2.407440086468228557e+01,2.578941157716213439e+01
4.880000000000000426e+01,2.277782764155264061e+01,2.079353249144497084e+01,2.016582879292223751e+01,2.412290352673018035e+01,2.583913986919229799e+01
4.889999999999999858e+01,2.282272589857538136e+01,2.083313302466697792e+01,2.019994559657597577e+01,2.417098785755476342e+01,2.588853338381321834e+01
4.900000000000000000e+01,2.286931092009509214e+01,2.087252678678648721e+01,2.023395409867017847e+01,2.421768562020689330e+01,2.593763185734474774e+01
4.910000000000000142e+01,2.291677728929513691e+01,2.091225717574400988e+01,2.026894953762008811e+01,2.426450289166743346e+01,2.598608351226860691e+01
4.920000000000000284e+01,2.296403621212260049e+01,2.095290462063106318e+01,2.030435536101202487e+01,2.431240581401143785e+01,2.603378767486125511e+01
4.930000000000000426e+01,2.301024982288356924e+01,2.099376729700718158e+01,2.033970914078507874e+01,2.436090036121946056e+01,2.608107434942693814e+01
4.939999999999999858e+01,2.305625148060615004e+01,2.103417132355833985e+01,2.037569583621663938e+01,2.440911788369836088e+01,2.612854880275686043e+01
4.950000000000000000e+01,2.310218500165906619e+01,2.107478822598082502e+01,2.041192211565574866e+01,2.445710456065335237e+01,2.617624694292730680e+01
4.960000000000000142e+01,2.314784135419130351e+01,2.111484541047230223e+01,2.044703276091683719e+01,2.450442706827740125e+01,2.622327981495723037e+01
4.970000000000000284e+01,2.319250578945696972e+01,2.115550188173363111e+01,2.048076272476565052e+01,2.455164885414506415e+01,2.626986904805567846e+01
4.980000000000000426e+01,2.323593384396603412e+01,2.119713695226246486e+01,2.051465322508947864e+01,2.459997516086410485e+01,2.631759782328309427e+01
4.989999999999999858e+01,2.327891171692013472e+01,2.123881507459693552e+01,2.054861580843996904e+01,2.464974467144681469e+01,2.636700874361496361e+01
